"","class_name","feature_0","feature_1","feature_2","feature_3","feature_4","feature_5","feature_6","feature_7","feature_8","feature_9","feature_10","feature_11"
"1",0,1.000000,4.111111,1.000000,0.714286,10983.000000,0.000000,0.000000,87.000000,102.000000,0.000000,0.000000,1.000000
"2",0,0.666667,3.333333,0.909091,1.000000,10983.000000,0.000000,0.000000,87.000000,20.000000,1.000000,0.000000,0.000000
