"","class_name","feature_0","feature_1","feature_2","feature_3","feature_4","feature_5"
"1",1,0.333333,3.666667,1.000000,0.909091,16.000000,0.000000
"2",1,0.400000,2.800000,0.909091,1.000000,26.000000,1.000000
"3",1,1.173913,3.869565,0.833333,0.833333,120.000000,0.000000
"4",0,0.400000,2.800000,0.890000,0.900000,20.000000,1.000000
"5",0,0.400000,2.800000,0.890000,0.900000,30.000000,1.000000
"6",0,0.400000,2.800000,0.890000,0.900000,28.000000,1.000000
