"","class_name","feature_0","feature_1","feature_2","feature_3","feature_4","feature_5","feature_6"
"1",1,1.307692,4.384615,1.000000,0.909091,0.000000,1.000000,13.000000
"2",1,0.666667,3.333333,0.909091,0.909091,0.000000,1.000000,3.000000
"3",1,1.130435,3.869565,0.833333,0.909091,0.000000,3.000000,23.000000
