"","class_name","0","1","2","3","4","5"
"1",5,0.333333,3.666667,1.000000,0.909091,16.000000,0.000000
"2",1,0.400000,2.800000,0.909091,1.000000,26.000000,1.000000
"3",1,1.173913,3.869565,0.833333,0.833333,120.000000,0.000000
