"","class_name","feature_0","feature_1","feature_2","feature_3","feature_4","feature_5","feature_6","feature_7","feature_8","feature_9","feature_10","feature_11","feature_12","feature_13","feature_14","feature_15","feature_16","feature_17","feature_18","feature_19","feature_20","feature_21","feature_22","feature_23","feature_24","feature_25","feature_26","feature_27","feature_28","feature_29"
"1",0,0.750000,4.267857,1.000000,0.000000,0.000000,0.000000,1.000000,1.000000,0.714286,0.500000,1.000713,1.000000,0.000000,0.030000,0.000000,0.033333,0.018868,0.000000,0.026000,0.041800,0.000000,0.000000,0.003333,0.051000,0.037736,0.000000,1.000000,0.930000,0.584906,0.767123
"2",1,0.844828,4.379310,0.000000,0.000000,0.000000,0.000000,1.000000,0.833333,0.714286,0.526316,0.000000,1.000000,0.000000,0.030000,0.000000,0.000000,0.017241,0.017241,0.028500,0.044400,0.000000,0.012987,0.010000,0.056000,0.034483,0.000000,1.000000,0.000000,0.000000,0.753247
