"","class_name","feature_0","feature_1","feature_2","feature_3","feature_4","feature_5","feature_6","feature_7","feature_8"
"1",1,1.058824,4.294118,1.000000,0.769231,0.000000,0.000000,100.000000,0.000000,1.000000
"2",1,0.666667,3.333333,0.909091,1.000000,0.000000,0.000000,20.000000,1.000000,0.000000
"3",0,0.400000,2.800000,0.890000,0.900000,20.000000,1.000000,1.000000,1.000000,3.000000
"4",0,0.400000,2.800000,0.890000,0.900000,30.000000,1.000000,2.000000,1.000000,3.000000
"5",0,0.400000,2.800000,0.890000,0.900000,28.000000,1.000000,1.000000,1.000000,1.000000
