"","class_name","feature_0","feature_1","feature_2","feature_3","feature_4","feature_5","feature_6","feature_7","feature_8","feature_9","feature_10","feature_11","feature_12","feature_13","feature_14"
"1",0,0.779661,4.271186,1.000000,0.714286,0.500000,11034.000000,0.000000,3.000000,87.000000,437.000000,0.000000,1.000000,0.000000,1.000000,59.000000
"2",0,0.838710,4.274194,0.833333,0.714286,0.526316,11034.000000,0.000000,3.000000,87.000000,456.000000,0.000000,3.000000,0.000000,0.000000,62.000000
"3",1,1.454148,5.008734,1.000000,0.322581,0.212766,1.000000,0.000000,0.000000,1.000000,2662.000000,47.000000,43.000000,1.000000,0.000000,229.000000
"4",1,1.365639,4.837004,0.833333,0.500000,0.178571,1.000000,0.000000,0.000000,1.000000,2595.000000,34.000000,46.000000,1.000000,0.000000,227.000000
