"","class_name","feature_0","feature_1","feature_2","feature_3","feature_4","feature_5","feature_6","feature_7","feature_8","feature_9","feature_10","feature_11","feature_12","feature_13","feature_14","feature_15","feature_16","feature_17","feature_18","feature_19","feature_20","feature_21","feature_22","feature_23","feature_24","feature_25","feature_26","feature_27","feature_28","feature_29","feature_30","feature_31","feature_32","feature_33","feature_34"
"1",0,0.000000,0.000000,0.092308,0.015385,0.061538,0.092308,0.061538,0.000000,0.000000,0.000000,0.015385,0.169231,0.030769,0.046154,0.000000,0.000000,0.000000,0.046154,0.015385,0.000000,0.000000,0.000000,0.000000,0.061538,0.000000,0.061538,0.000000,0.030769,0.046154,0.046154,0.046154,0.015385,0.000000,0.000000,0.000000
"2",1,0.000000,0.140351,0.017544,0.000000,0.315789,0.070175,0.017544,0.000000,0.000000,0.000000,0.000000,0.245614,0.000000,0.122807,0.000000,0.000000,0.000000,0.000000,0.017544,0.000000,0.000000,0.000000,0.000000,0.000000,0.000000,0.000000,0.000000,0.017544,0.000000,0.000000,0.035088,0.000000,0.000000,0.000000,0.000000
"3",1,0.000000,0.131148,0.032787,0.000000,0.295082,0.049180,0.016393,0.000000,0.000000,0.000000,0.000000,0.163934,0.000000,0.245902,0.000000,0.000000,0.000000,0.000000,0.016393,0.000000,0.000000,0.000000,0.000000,0.000000,0.000000,0.000000,0.000000,0.016393,0.016393,0.000000,0.000000,0.000000,0.000000,0.000000,0.016393
