"","class_name","feature_0","feature_1","feature_2","feature_3","feature_4","feature_5","feature_6","feature_7","feature_8","feature_9","feature_10","feature_11","feature_12","feature_13","feature_14","feature_15","feature_16","feature_17","feature_18","feature_19","feature_20"
"1",0,1.634615,5.365385,1.000000,0.714286,0.714286,1.000000,1.000000,0.000000,0.000000,1.000000,0.000000,0.032000,0.039600,0.090909,0.016667,0.063000,0.000000,1.000000,1.000000,1.000000,0.812500
"2",1,0.779661,4.271186,1.000000,0.714286,0.500000,1.000000,1.000000,0.000000,0.030000,0.000000,0.033333,0.028000,0.043700,0.000000,0.003333,0.055000,0.000000,1.000000,0.860000,0.605634,0.766234
"3",1,0.838710,4.274194,0.833333,0.714286,0.526316,1.000000,1.000000,0.000000,0.030000,1.000000,0.000000,0.030000,0.045600,0.000000,0.010000,0.059000,0.000000,1.000000,1.000000,1.000000,0.765432
