"","class_name","0","1","2","3","4","5","6"
"1",6,0.333333,3.666667,1.000000,1.000000,0.000000,1.000000,3.000000
"2",1,0.400000,2.800000,0.909091,0.909091,0.000000,1.000000,5.000000
"3",1,1.173913,3.869565,0.833333,0.909091,0.000000,3.000000,23.000000
