"","class_name","feature_0","feature_1","feature_2","feature_3","feature_4","feature_5","feature_6"
"1",1,0.090909,2.272727,1.000000,1.000000,0.000000,1.000000,11.000000
"2",1,0.400000,2.800000,0.909091,0.909091,0.000000,1.000000,5.000000
"3",1,1.000000,3.666667,0.833333,0.909091,0.000000,3.000000,27.000000
