"","class_name","feature_0","feature_1","feature_2","feature_3","feature_4","feature_5"
"1",0,0.779661,4.271186,0.500000,1.000000,0.000000,0.003333
"2",1,0.838710,4.274194,0.526316,1.000000,0.000000,0.010000
